[
    {
        "Name": "Ipv4",
        "Pattern": "(?:(?:25[0-5]|2[0-4][0-9]|[01]?[0-9]?[0-9])\\.){2}((?:25[0-5]|2[0-4][0-9]|[01]?[0-9]?[0-9])\\.(?:25[0-5]|2[0-4][0-9]|[01]?[0-9]?[0-9]))",
        "Replace": "xx.xx.\\1"
    },
    {
        "Name": "Ipv6",
        "Pattern": "(?:[a-fA-F0-9]{0,4})(?::[a-fA-F0-9]{1,4}){0,6}::((?:[a-fA-F0-9]{0,4})(?::[a-fA-F0-9]{1,4}){0,6})",
        "Replace": "xxxx::\\1"
    },
    {
        "Name": "Mac",
        "Pattern": "(?:[a-fA-F0-9]{1,4}:){3,4}((?:[a-fA-F0-9]{1,4}:){2,3}(?:[a-fA-F0-9]{1,4}))",
        "Replace": "xxxx:\\1"
    },
    {
        "Name": "Version",
        "Pattern": "(?:CKB01_[0-9]{2}\\.[A-Z]{1}\\.[0-9]{3}_)([0-9]{3})",
        "Replace": "CKB*******\\1"
    },
    {
        "Name": "IMEI/IMSI/SN",
        "Pattern": "(?:[0-9]{7})([0-9]{7,8})",
        "Replace": "*******\\1"
    },
    {
        "Name": "Path",
        "Pattern": "(?:/[^\\s]*(?=/)){1,}",
        "Replace": "***"
    }
]