[
    {
        "dirname": "/data/database/",
        "vfops":"remotevfops",
        "params": {
            "RemoteRootDir":"/data/IPQ",
            "IpAddr":"169.254.10.2",
            "Port" : 20208
        }
    },
    {
        "dirname": "/data/",
        "vfops":"remotevfops",
        "params": {
            "RemoteRootDir":"/",
            "IpAddr":"169.254.10.2",
            "Port" : 20208
        }
    },
    {
        "dirname": "/",
        "vfops":"localvfops",
        "params": {
        }
    }
]