<!--
     DSI Module configuration XML file
     Copyright (c) 2013, 2015, 2017, 2019-2020 Qualcomm Technologies, Inc.
     All Rights Reserved.
     Confidential and Proprietary - Qualcomm Technologies, Inc.
-->

<?xml version="1.0" encoding="UTF-8"?>
<list name="dsi_config">

  <!-- Configuration for IPQ5018 + SDx55 (PCIe) -->
  <listitem name="maple-ipq">
    <data name="qos_enabled" type="int"> 0 </data>
    <data name="rmnet_data_enabled" type="int"> 1 </data>
    <data name="phys_net_dev" type="string"> rmnet_mhi0 </data>

    <data name="single_qmux_channel_enabled" type="int"> 1 </data>
    <data name="single_qmux_channel_name" type="string"> rmnet_mhi0 </data>

    <data name="mux_id_base" type="int"> 0x80 </data>

    <data name="disable_netmgrd" type="int"> 1 </data>

    <data name="num_dsi_handles" type="int"> 8 </data>
    <list name="device_names">
      <data type="string"> rmnet_data0 </data>
      <data type="string"> rmnet_data1 </data>
      <data type="string"> rmnet_data2 </data>
      <data type="string"> rmnet_data3 </data>
      <data type="string"> rmnet_data4 </data>
      <data type="string"> rmnet_data5 </data>
      <data type="string"> rmnet_data6 </data>
      <data type="string"> rmnet_data7 </data>
    </list>

    <list name="control_port_names">
      <data type="string"> rmnet_data0 </data>
      <data type="string"> rmnet_data1 </data>
      <data type="string"> rmnet_data2 </data>
      <data type="string"> rmnet_data3 </data>
      <data type="string"> rmnet_data4 </data>
      <data type="string"> rmnet_data5 </data>
      <data type="string"> rmnet_data6 </data>
      <data type="string"> rmnet_data7 </data>
    </list>
  </listitem>

  <!-- Configuration for IPQ8074 + SDx55 (PCIe) -->
  <listitem name="hawkeye-ipq">
    <data name="qos_enabled" type="int"> 0 </data>
    <data name="rmnet_data_enabled" type="int"> 1 </data>
    <data name="phys_net_dev" type="string"> rmnet_mhi0 </data>

    <data name="single_qmux_channel_enabled" type="int"> 1 </data>
    <data name="single_qmux_channel_name" type="string"> rmnet_mhi0 </data>

    <data name="mux_id_base" type="int"> 0x80 </data>

    <data name="disable_netmgrd" type="int"> 1 </data>

    <data name="num_dsi_handles" type="int"> 8 </data>
    <list name="device_names">
      <data type="string"> rmnet_data0 </data>
      <data type="string"> rmnet_data1 </data>
      <data type="string"> rmnet_data2 </data>
      <data type="string"> rmnet_data3 </data>
      <data type="string"> rmnet_data4 </data>
      <data type="string"> rmnet_data5 </data>
      <data type="string"> rmnet_data6 </data>
      <data type="string"> rmnet_data7 </data>
    </list>

    <list name="control_port_names">
      <data type="string"> rmnet_data0 </data>
      <data type="string"> rmnet_data1 </data>
      <data type="string"> rmnet_data2 </data>
      <data type="string"> rmnet_data3 </data>
      <data type="string"> rmnet_data4 </data>
      <data type="string"> rmnet_data5 </data>
      <data type="string"> rmnet_data6 </data>
      <data type="string"> rmnet_data7 </data>
    </list>
  </listitem>
</list>
