<!--
     Netmgr Module configuration XML file
     Copyright (c) 2013, 2016-2020 Qualcomm Technologies, Inc.
     All Rights Reserved.
     Confidential and Proprietary - Qualcomm Technologies, Inc.
-->

<?xml version="1.0" encoding="UTF-8"?>

<!-- QMI configuration -->
<list name="netmgr_config">
  <!-- Logging overrides for ds_exec() family of commands -->
  <!-- Remove the 'disabled_' from the properties to enable them -->
  <listitem name = "cmd_logging_config">
    <data name="disabled_log_options" type="int"> 255 </data>
    <data name="disabled_cmd_debug" type="int"> 1 </data>
    <data name="disabled_outfile" type="string"> /data/netmgr_cmd_log.txt </data>
  </listitem>

  <!-- IPQ5018 + SDx55 (PCIe) parameters -->
  <listitem name = "maple-ipq">

    <data name="use_qmuxd" type="int"> 0 </data>
    <data name="qmi_dpm_enabled" type="int"> 0 </data>
    <data name="dpm_retry_timeout" type="int"> 10000 </data>
    <data name="wda_data_format_enabled" type="int"> 1 </data>
    <data name="ep_type" type="int"> 3 </data>
    <data name="kfc_mode" type="int"> 4 </data>
    <data name="kfc_qmap" type="int"> 1 </data>
    <data name="qmi_pc" type="int"> 1 </data>
    <data name="tcp_ack_prio" type="int"> 1 </data>
    <data name="qos_disabled" type="int"> 0 </data>
    <data name="qos_via_idl" type="int"> 1 </data>

    <data name="single_qmux_ch_enabled" type="int"> 1 </data>
    <data name="single_qmux_ch_conn_id_str" type="string"> rmnet_mhi0 </data>
    <data name="single_qmux_ch_name" type="string"> MHICTL0 </data>

    <data name="rmnet_data_enabled" type="int"> 1 </data>
    <data name="rtm_rmnet_data_enabled" type="int"> 1 </data>
    <data name="dataformat_agg_dl_pkt" type="int"> 20 </data>
    <data name="dataformat_agg_dl_size" type="int"> 15360 </data>
    <data name="dataformat_agg_ul_pkt" type="int"> 0 </data>
    <data name="dataformat_agg_ul_size" type="int"> 0 </data>
    <data name="dataformat_dl_data_aggregation_protocol" type="int"> 9 </data>
    <data name="dataformat_ul_data_aggregation_protocol" type="int"> 9 </data>
    <data name="dataformat_dl_gro_enabled" type="int"> 0 </data>
    <data name="dataformat_ul_gso_enabled" type="int"> 0 </data>

    <data name="phys_net_dev" type="string"> rmnet_mhi0 </data>
    <data name="pnd_rps_mask" type="int"> 2 </data>
    <data name="vnd_rps_mask" type="int"> 4 </data>
    <data name="netdev_max_backlog" type="int"> 35000 </data>
    <data name="low_latency_filters" type="int"> 1 </data>
    <data name="frag_low_mem" type="int"> 300000 </data>
    <data name="frag_high_mem" type="int"> 400000 </data>

    <data name="mux_id_base" type="int"> 0x80 </data>

    <data name="selective_pdn_offload" type="int"> 1 </data>
    <data name="pdn_offload_mask" type="int"> 0x1 </data>

    <data name="num_modems" type="int"> 2 </data>
    <list name="modems_enabled">
      <data type="int"> 1 </data> <!-- MODEM_MSM -->
      <data type="int"> 0 </data> <!-- MODEM_MDM -->
    </list>

    <data name="control_ports_len" type="int"> 8 </data>
    <list name="control_ports">
      <data type="string"> rmnet_data0 </data>
      <data type="string"> rmnet_data1 </data>
      <data type="string"> rmnet_data2 </data>
      <data type="string"> rmnet_data3 </data>
      <data type="string"> rmnet_data4 </data>
      <data type="string"> rmnet_data5 </data>
      <data type="string"> rmnet_data6 </data>
      <data type="string"> rmnet_data7 </data>
    </list>

    <data name="data_ports_len" type="int"> 8 </data>
    <list name="data_ports">
      <data type="string"> rmnet_data0 </data>
      <data type="string"> rmnet_data1 </data>
      <data type="string"> rmnet_data2 </data>
      <data type="string"> rmnet_data3 </data>
      <data type="string"> rmnet_data4 </data>
      <data type="string"> rmnet_data5 </data>
      <data type="string"> rmnet_data6 </data>
      <data type="string"> rmnet_data7 </data>
    </list>

    <data name="iwlan_enable" type="int"> 0 </data>
    <data name="rev_control_ports_len" type="int"> 9 </data>
    <list name="rev_control_ports">
      <data type="string"> r_rmnet_data0 </data>
      <data type="string"> r_rmnet_data1 </data>
      <data type="string"> r_rmnet_data2 </data>
      <data type="string"> r_rmnet_data3 </data>
      <data type="string"> r_rmnet_data4 </data>
      <data type="string"> r_rmnet_data5 </data>
      <data type="string"> r_rmnet_data6 </data>
      <data type="string"> r_rmnet_data7 </data>
      <data type="string"> r_rmnet_data8 </data>
    </list>

    <data name="rev_data_ports_len" type="int"> 9 </data>
    <list name="rev_data_ports">
      <data type="string"> r_rmnet_data0 </data>
      <data type="string"> r_rmnet_data1 </data>
      <data type="string"> r_rmnet_data2 </data>
      <data type="string"> r_rmnet_data3 </data>
      <data type="string"> r_rmnet_data4 </data>
      <data type="string"> r_rmnet_data5 </data>
      <data type="string"> r_rmnet_data6 </data>
      <data type="string"> r_rmnet_data7 </data>
      <data type="string"> r_rmnet_data8 </data>
    </list>
  </listitem>

  <!-- IPQ8074 + SDx55 (PCIe) parameters -->
  <listitem name = "hawkeye-ipq">

    <data name="use_qmuxd" type="int"> 0 </data>
    <data name="qmi_dpm_enabled" type="int"> 0 </data>
    <data name="dpm_retry_timeout" type="int"> 10000 </data>
    <data name="wda_data_format_enabled" type="int"> 1 </data>
    <data name="ep_type" type="int"> 3 </data>
    <data name="kfc_mode" type="int"> 4 </data>
    <data name="kfc_qmap" type="int"> 1 </data>
    <data name="qmi_pc" type="int"> 1 </data>
    <data name="tcp_ack_prio" type="int"> 1 </data>
    <data name="qos_disabled" type="int"> 0 </data>
    <data name="qos_via_idl" type="int"> 1 </data>

    <data name="single_qmux_ch_enabled" type="int"> 1 </data>
    <data name="single_qmux_ch_conn_id_str" type="string"> rmnet_mhi0 </data>
    <data name="single_qmux_ch_name" type="string"> MHICTL0 </data>

    <data name="rmnet_data_enabled" type="int"> 1 </data>
    <data name="rtm_rmnet_data_enabled" type="int"> 1 </data>
    <data name="dataformat_agg_dl_pkt" type="int"> 20 </data>
    <data name="dataformat_agg_dl_size" type="int"> 15360 </data>
    <data name="dataformat_agg_ul_pkt" type="int"> 0 </data>
    <data name="dataformat_agg_ul_size" type="int"> 0 </data>
    <data name="dataformat_dl_data_aggregation_protocol" type="int"> 9 </data>
    <data name="dataformat_ul_data_aggregation_protocol" type="int"> 9 </data>
    <data name="dataformat_dl_gro_enabled" type="int"> 0 </data>
    <data name="dataformat_ul_gso_enabled" type="int"> 0 </data>

    <data name="phys_net_dev" type="string"> rmnet_mhi0 </data>
    <data name="pnd_rps_mask" type="int"> 2 </data>
    <data name="vnd_rps_mask" type="int"> 4 </data>
    <data name="netdev_max_backlog" type="int"> 35000 </data>
    <data name="low_latency_filters" type="int"> 1 </data>
    <data name="frag_low_mem" type="int"> 300000 </data>
    <data name="frag_high_mem" type="int"> 400000 </data>

    <data name="mux_id_base" type="int"> 0x80 </data>

    <data name="selective_pdn_offload" type="int"> 1 </data>
    <data name="pdn_offload_mask" type="int"> 0x1 </data>

    <data name="num_modems" type="int"> 2 </data>
    <list name="modems_enabled">
      <data type="int"> 1 </data> <!-- MODEM_MSM -->
      <data type="int"> 0 </data> <!-- MODEM_MDM -->
    </list>

    <data name="control_ports_len" type="int"> 8 </data>
    <list name="control_ports">
      <data type="string"> rmnet_data0 </data>
      <data type="string"> rmnet_data1 </data>
      <data type="string"> rmnet_data2 </data>
      <data type="string"> rmnet_data3 </data>
      <data type="string"> rmnet_data4 </data>
      <data type="string"> rmnet_data5 </data>
      <data type="string"> rmnet_data6 </data>
      <data type="string"> rmnet_data7 </data>
    </list>

    <data name="data_ports_len" type="int"> 8 </data>
    <list name="data_ports">
      <data type="string"> rmnet_data0 </data>
      <data type="string"> rmnet_data1 </data>
      <data type="string"> rmnet_data2 </data>
      <data type="string"> rmnet_data3 </data>
      <data type="string"> rmnet_data4 </data>
      <data type="string"> rmnet_data5 </data>
      <data type="string"> rmnet_data6 </data>
      <data type="string"> rmnet_data7 </data>
    </list>

    <data name="iwlan_enable" type="int"> 0 </data>
    <data name="rev_control_ports_len" type="int"> 9 </data>
    <list name="rev_control_ports">
      <data type="string"> r_rmnet_data0 </data>
      <data type="string"> r_rmnet_data1 </data>
      <data type="string"> r_rmnet_data2 </data>
      <data type="string"> r_rmnet_data3 </data>
      <data type="string"> r_rmnet_data4 </data>
      <data type="string"> r_rmnet_data5 </data>
      <data type="string"> r_rmnet_data6 </data>
      <data type="string"> r_rmnet_data7 </data>
      <data type="string"> r_rmnet_data8 </data>
    </list>

    <data name="rev_data_ports_len" type="int"> 9 </data>
    <list name="rev_data_ports">
      <data type="string"> r_rmnet_data0 </data>
      <data type="string"> r_rmnet_data1 </data>
      <data type="string"> r_rmnet_data2 </data>
      <data type="string"> r_rmnet_data3 </data>
      <data type="string"> r_rmnet_data4 </data>
      <data type="string"> r_rmnet_data5 </data>
      <data type="string"> r_rmnet_data6 </data>
      <data type="string"> r_rmnet_data7 </data>
      <data type="string"> r_rmnet_data8 </data>
    </list>
  </listitem>
</list>
