<!--
  QNICORN configuration XML file
  Copyright (c) 2020-2021 Qualcomm Technologies, Inc.
  All Rights Reserved.
  Confidential and Proprietary - Qualcomm Technologies, Inc. -->

<?xml version="1.0" encoding="UTF-8"?>

<!-- QMI configuration -->
<list name="qnicorn_config">
  <!-- IPQ8074 + SDx55 (PCIe) parameters -->
  <listitem name = "hawkeye-ipq">
    <data name="use_qmuxd" type="int"> 0 </data>
    <data name="qmi_dpm_enabled" type="int"> 0 </data>
    <data name="dpm_retry_timeout" type="int"> 10000 </data>
    <data name="wda_data_format_enabled" type="int"> 1 </data>

    <data name="phys_net_dev" type="string"> rmnet_mhi0 </data>
    <data name="rmnet_data_enabled" type="int"> 1 </data>
    <data name="rtm_rmnet_data_enabled" type="int"> 1 </data>
    <data name="dataformat_agg_dl_pkt" type="int"> 20 </data>
    <data name="dataformat_agg_dl_size" type="int"> 15360 </data>
    <data name="dataformat_agg_ul_pkt" type="int"> 0 </data>
    <data name="dataformat_agg_ul_size" type="int"> 0 </data>
    <data name="dataformat_dl_data_aggregation_protocol" type="int"> 9 </data>
    <data name="dataformat_ul_data_aggregation_protocol" type="int"> 9 </data>
    <data name="dataformat_dl_gro_enabled" type="int"> 0 </data>
    <data name="dataformat_ul_gso_enabled" type="int"> 0 </data>
    <data name="qos_via_idl" type="int"> 0 </data>
    <data name="pnd_rps_mask" type="int"> 2 </data>
    <data name="vnd_rps_mask" type="int"> 4 </data>
    <data name="netdev_max_backlog" type="int"> 10000 </data>
    <data name="low_latency_filters" type="int"> 1 </data>
    <data name="frag_low_mem" type="int"> 300000 </data>
    <data name="frag_high_mem" type="int"> 400000 </data>
    <data name="mux_id_base" type="int"> 0x80 </data>
    <data name="kfc_mode" type="int"> 4 </data>
    <data name="kfc_qmap" type="int"> 1 </data>
    <data name="selective_pdn_offload" type="int"> 1 </data>
    <data name="pdn_offload_mask" type="int"> 0x1 </data>

    <data name="num_static_iface" type="int"> 3 </data>
    <data name="num_ifaces" type="int"> 8 </data>
    <list name="iface_names">
      <data type="string"> rmnet_data0 </data>
      <data type="string"> rmnet_data1 </data>
      <data type="string"> rmnet_data2 </data>
      <data type="string"> rmnet_data3 </data>
      <data type="string"> rmnet_data4 </data>
      <data type="string"> rmnet_data5 </data>
      <data type="string"> rmnet_data6 </data>
      <data type="string"> rmnet_data7 </data>
    </list>
  </listitem>
</list>
